{
    "number_steps": 1000000,
    "sampling_frequency": 1000,
    "neighbour_radius": 2.9,
    "hop_frequencies": {
        "Al": 364990214.51824707,
        "Fe": 364990214.51824707
    },
    "lattice": [
        [
            4.0,
            0,
            0
        ],
        [
            0,
            4.0,
            0
        ],
        [
            0,
            0,
            4.0
        ]
    ],
    "atoms": [
        "Fe",
        "Fe",
        "Fe",
        "Fe"
    ],
    "coords": [
        [
            0,
            0,
            0
        ],
        [
            0,
            0.5,
            0.5
        ],
        [
            0.5,
            0.5,
            0
        ],
        [
            0.5,
            0,
            0.5
        ]
    ],
    "supercell_size": [
        5,
        5,
        5
    ],
    "composition": {
        "Al": 0.5,
        "Fe": 0.5
    }
}