{"number_steps":1000000,
"sampling_frequency":1000,
"neighbour_radius":2.9,
"hop_frequencies":{"Al":364990214.518247042, "B":364990214.518247042,"C":364990214.518247042},
"lattice":[[4.0,0,0],[0,4.0,0],[0,0,4.0]],
"atoms":["Al","Al","Al","Al"],
"coords":[[0,0,0],[0,0.5,0.5],[0.5,0.5,0],[0.5,0,0.5]],
"supercell_size":[5,5,5],
"composition":{"Al":0.5, "B":0.25, "C":0.25}
}
